date;weekday;weekend_jn;calls;calls_last_year;calls_last_year_same_weekday;calls_last_year_same_weekday_specialdaycorrection;checkins_known;checkouts_known;checkins_pred;checkouts_pred
2014-01-01;Donderdag;0;1410;1942;2965;1942;8320;9178;8320;9178
2014-01-02;Vrijdag;0;2930;3394;3073;3073;14820;16361;14820;16361
2014-01-03;Zaterdag;1;2691;3073;3155;3155;18375;15576;18375;15576
2014-01-04;Zondag;1;1767;3155;1538;1538;15059;11066;15059;11066
2014-01-05;Maandag;0;1374;1538;1264;1060;10100;18218;10100;18218
2014-01-06;Dinsdag;0;1331;1264;2310;1264;7729;9117;7729;9117
2014-01-07;Woensdag;0;2785;2947;2914;2914;14066;16403;14066;16403
2014-01-08;Donderdag;0;2893;2914;3120;3120;14422;15934;14422;15934
2014-01-09;Vrijdag;0;3090;3120;2456;2456;15478;17089;15478;17089
2014-01-10;Zaterdag;1;3151;2456;2606;2606;16929;17672;16929;17672
2014-01-11;Zondag;1;1906;2606;2021;2021;12191;11699;12191;11699
2014-01-12;Maandag;0;1263;2021;1173;1173;7457;12006;7457;12006
2014-01-13;Dinsdag;0;3342;1060;3023;3023;16787;18279;16787;18279
2014-01-14;Woensdag;0;3117;3023;3379;3379;15590;17083;15590;17083
2014-01-15;Donderdag;0;3191;3379;3417;3417;15972;17712;15972;17712
2014-01-16;Vrijdag;0;3153;3417;3402;3402;15997;17839;15997;17839
2014-01-17;Zaterdag;1;3042;3402;3444;3444;17098;17359;17098;17359
2014-01-18;Zondag;1;1874;3444;2195;2195;12915;11643;12915;11643
2014-01-19;Maandag;0;1392;2195;1808;1808;8461;13619;8461;13619
2014-01-20;Dinsdag;0;2734;1808;3383;3383;14453;15954;14453;15954
2014-01-21;Woensdag;0;2412;3383;3165;3165;12816;14231;12816;14231
2014-01-22;Donderdag;0;2219;3165;3617;3617;12145;13678;12145;13678
2014-01-23;Vrijdag;0;2342;3617;3440;3440;13164;14244;13164;14244
2014-01-24;Zaterdag;1;2280;3440;3150;3150;14866;14175;14866;14175
2014-01-25;Zondag;1;1457;3150;1662;1662;11939;10066;11939;10066
2014-01-26;Maandag;0;1112;1662;1322;1322;7262;13785;7262;13785
2014-01-27;Dinsdag;0;2497;1322;3679;3679;13486;15076;13486;15076
2014-01-28;Woensdag;0;2340;3679;3584;3584;12588;14042;12588;14042
2014-01-29;Donderdag;0;2364;3584;3560;3560;12675;14380;12675;14380
2014-01-30;Vrijdag;0;2285;3617;3028;3028;12749;13959;12749;13959
2014-01-31;Zaterdag;1;2477;3028;3290;3290;15350;15192;15350;15192
2014-02-01;Zondag;1;1600;3290;2401;2401;11826;10640;11826;10640
2014-02-02;Maandag;0;1310;2401;1233;1233;7840;13613;7840;13613
2014-02-03;Dinsdag;0;2673;1233;4191;4191;14074;15658;14074;15658
2014-02-04;Woensdag;0;2460;4191;3493;3493;13062;14154;13062;14154
2014-02-05;Donderdag;0;2491;3493;3411;3411;13332;14615;13332;14615
2014-02-06;Vrijdag;0;2534;3411;3639;3639;13893;15152;13893;15152
2014-02-07;Zaterdag;1;2487;3639;3836;3836;15482;15234;15482;15234
2014-02-08;Zondag;1;1556;3836;2934;2934;11878;10559;11878;10559
2014-02-09;Maandag;0;1203;2934;2052;2052;7534;13700;7534;13700
2014-02-10;Dinsdag;0;2846;2052;4236;4236;14811;16653;14811;16653
2014-02-11;Woensdag;0;2515;4236;3731;3731;13362;14533;13362;14533
2014-02-12;Donderdag;0;2736;3731;3071;3071;14525;16025;14525;16025
2014-02-13;Vrijdag;0;2659;3071;3218;3218;15201;15819;15201;15819
2014-02-14;Zaterdag;1;2634;3218;3200;3200;20263;15876;20263;15876
2014-02-15;Zondag;1;1792;3200;2365;2365;15512;13803;15512;13803
2014-02-16;Maandag;0;1336;2365;1706;1706;8384;19397;8384;19397
2014-02-17;Dinsdag;0;2910;1706;3637;3637;15437;17632;15437;17632
2014-02-18;Woensdag;0;2727;3637;3698;3698;14639;15845;14639;15845
2014-02-19;Donderdag;0;2713;3698;3662;3662;14693;16158;14693;16158
2014-02-20;Vrijdag;0;2716;3662;2985;2985;15140;16606;15140;16606
2014-02-21;Zaterdag;1;2724;2985;3489;3489;17423;16694;17423;16694
2014-02-22;Zondag;1;1814;3489;2172;2172;15006;12281;15006;12281
2014-02-23;Maandag;0;1352;2172;1405;1405;8596;16762;8596;16762
2014-02-24;Dinsdag;0;3085;1405;3936;3936;16121;18388;16121;18388
2014-02-25;Woensdag;0;2766;3936;3584;3584;14588;16078;14588;16078
2014-02-26;Donderdag;0;2683;3584;3033;3033;14398;16003;14398;16003
2014-02-27;Vrijdag;0;2764;3033;3678;3678;15429;16523;15429;16523
2014-02-28;Zaterdag;1;2951;3678;4012;4012;18619;17630;18619;17630
2014-03-01;Zondag;1;2026;4012;2312;2312;16599;13377;16599;13377
2014-03-02;Maandag;0;1557;2312;2025;2025;10348;16451;10348;16451
2014-03-03;Dinsdag;0;2938;2025;3622;3622;15857;18468;15857;18468
2014-03-04;Woensdag;0;2806;3622;4201;4201;14818;17926;14818;17926
2014-03-05;Donderdag;0;2917;4201;3577;3577;15516;17902;15516;17902
2014-03-06;Vrijdag;0;2844;3577;4389;4389;16010;16842;16010;16842
2014-03-07;Zaterdag;1;2820;4389;3961;3961;18169;17004;18169;17004
2014-03-08;Zondag;1;1764;3961;2230;2230;14874;12499;14874;12499
2014-03-09;Maandag;0;1305;2230;2079;2079;8327;17435;8327;17435
2014-03-10;Dinsdag;0;3130;2079;4990;4990;16578;18737;16578;18737
2014-03-11;Woensdag;0;2930;4990;5021;5021;15486;17056;15486;17056
2014-03-12;Donderdag;0;2893;5021;5081;5081;15455;17254;15455;17254
2014-03-13;Vrijdag;0;2898;5081;4685;4685;16434;17292;16434;17292
2014-03-14;Zaterdag;1;2956;4685;3963;3963;18888;18046;18888;18046
2014-03-15;Zondag;1;1951;3963;2198;2198;15866;13214;15866;13214
2014-03-16;Maandag;0;1470;2198;1883;1883;8892;18079;8892;18079
2014-03-17;Dinsdag;0;3463;1883;4973;4973;17599;20144;17599;20144
2014-03-18;Woensdag;0;3227;4973;5112;5112;16848;18359;16848;18359
2014-03-19;Donderdag;0;3084;5112;4245;4245;16350;17980;16350;17980
2014-03-20;Vrijdag;0;2942;4245;3817;3817;16509;17375;16509;17375
2014-03-21;Zaterdag;1;2942;3817;3876;3876;18616;17825;18616;17825
2014-03-22;Zondag;1;2056;3876;3246;3246;15424;13640;15424;13640
2014-03-23;Maandag;0;1627;3246;2974;2974;9499;17574;9499;17574
2014-03-24;Dinsdag;0;3624;2974;6154;6154;18354;20883;18354;20883
2014-03-25;Woensdag;0;3822;6154;5596;5596;19214;21152;19214;21152
2014-03-26;Donderdag;0;3649;5596;5551;5551;18791;20636;18791;20636
2014-03-27;Vrijdag;0;3776;5551;4770;4770;19937;21434;19937;21434
2014-03-28;Zaterdag;1;3229;4770;5144;5144;20105;19216;20105;19216
2014-03-29;Zondag;1;2171;5144;3833;3833;16665;14323;16665;14323
2014-03-30;Maandag;0;1514;3833;2176;2176;9371;18078;9371;18078
2014-03-31;Dinsdag;0;3522;2176;2454;2454;17865;20934;17865;20934
2014-04-01;Woensdag;0;3466;2454;4888;4888;17901;19516;17901;19516
2014-04-02;Donderdag;0;3685;4888;4758;4758;18856;20591;18856;20591
2014-04-03;Vrijdag;0;3849;4758;5271;5271;20478;21749;20478;21749
2014-04-04;Zaterdag;1;3732;5271;4473;4473;22041;21502;22041;21502
2014-04-05;Zondag;1;2694;4473;2979;2979;18874;16711;18874;16711
2014-04-06;Maandag;0;2221;2979;2506;2506;12956;20893;12956;20893
2014-04-07;Dinsdag;0;4474;2506;5338;5338;23097;25598;23097;25598
2014-04-08;Woensdag;0;4117;5338;5121;5121;20915;23806;20915;23806
2014-04-09;Donderdag;0;4110;5121;5538;5538;20859;23636;20859;23636
2014-04-10;Vrijdag;0;3922;5538;5043;5043;20744;22490;20744;22490
2014-04-11;Zaterdag;1;3916;5043;5421;5421;22469;22753;22469;22753
2014-04-12;Zondag;1;2878;5421;3137;3137;18922;17698;18922;17698
2014-04-13;Maandag;0;2346;3137;2572;2572;12645;21039;12645;21039
2014-04-14;Dinsdag;0;4852;2572;5156;5156;23595;26529;23595;26529
2014-04-15;Woensdag;0;4433;5156;5285;5285;21944;24080;21944;24080
2014-04-16;Donderdag;0;4578;5285;5436;5436;23525;24948;23525;24948
2014-04-17;Vrijdag;0;4587;5436;5387;5387;26343;25367;26343;25367
2014-04-18;Zaterdag;1;4796;5387;5073;4923;31165;26706;31165;26706
2014-04-19;Zondag;1;3404;5047;4171;4171;29649;21381;29649;21381
2014-04-20;Maandag;0;1950;4171;3590;2071;11900;17190;11900;17190
2014-04-21;Dinsdag;0;2547;3590;5168;2548;17003;17740;17003;17740
2014-04-22;Woensdag;0;4893;6837;6683;6683;28020;27032;28020;27032
2014-04-23;Donderdag;0;4766;6683;7230;7230;26696;28267;26696;28267
2014-04-24;Vrijdag;0;5130;7230;4318;4318;33266;31163;33266;31163
2014-04-25;Zaterdag;1;3366;4318;5626;5626;35031;24360;35031;24360
2014-04-26;Zondag;1;3160;5626;4371;4371;22359;27816;22359;27816
2014-04-27;Maandag;0;2401;4371;3175;3175;14641;35541;14641;35541
2014-04-28;Dinsdag;0;4942;3175;6514;6514;25701;30363;25701;30363
2014-04-29;Woensdag;0;4558;6514;5920;5920;23780;26363;23780;26363
2014-04-30;Donderdag;0;4924;5920;3739;3739;29399;28527;29399;28527
2014-05-01;Vrijdag;0;3134;3204;4590;3204;21613;20907;21613;20907
2014-05-02;Zaterdag;1;4376;5188;4767;4767;27763;28453;27763;28453
2014-05-03;Zondag;1;2937;4767;3231;3231;20122;25053;20122;25053
2014-05-04;Maandag;0;2118;3231;2946;2946;12450;31342;12450;31342
2014-05-05;Dinsdag;0;4217;2946;5774;5774;21712;25430;21712;25430
2014-05-06;Woensdag;0;4060;5774;5753;5753;20830;23014;20830;23014
2014-05-07;Donderdag;0;4203;5753;5229;5229;21629;23723;21629;23723
2014-05-08;Vrijdag;0;4221;5229;5540;5540;22646;24136;22646;24136
2014-05-09;Zaterdag;1;3812;5540;5796;5796;23401;22637;23401;22637
2014-05-10;Zondag;1;2800;5796;3707;3707;19914;18146;19914;18146
2014-05-11;Maandag;0;1961;3707;2684;2684;11617;21347;11617;21347
2014-05-12;Dinsdag;0;4337;2684;6476;6476;22013;25000;22013;25000
2014-05-13;Woensdag;0;4197;6476;5922;5922;21583;23350;21583;23350
2014-05-14;Donderdag;0;4355;5922;5665;5665;22616;24520;22616;24520
2014-05-15;Vrijdag;0;4245;5665;6503;6503;22908;24504;22908;24504
2014-05-16;Zaterdag;1;3999;6503;5782;5782;24313;23599;24313;23599
2014-05-17;Zondag;1;2771;5782;3757;3757;20395;18040;20395;18040
2014-05-18;Maandag;0;1970;3757;2670;2670;11931;21690;11931;21690
2014-05-19;Dinsdag;0;4573;2670;6161;6161;23110;26578;23110;26578
2014-05-20;Woensdag;0;4380;6161;6159;6159;22298;24431;22298;24431
2014-05-21;Donderdag;0;4434;6159;6137;6137;22797;24979;22797;24979
2014-05-22;Vrijdag;0;4223;6137;5761;5761;22809;24228;22809;24228
2014-05-23;Zaterdag;1;4476;5761;5894;5894;26244;25823;26244;25823
2014-05-24;Zondag;1;3064;5894;3729;3729;21430;19432;21430;19432
2014-05-25;Maandag;0;2254;3729;3379;3379;13101;22965;13101;22965
2014-05-26;Dinsdag;0;4890;3379;6159;6159;24415;27682;24415;27682
2014-05-27;Woensdag;0;4713;6159;6637;6637;23567;25912;23567;25912
2014-05-28;Donderdag;0;5129;6637;5968;5968;25724;28056;25724;28056
2014-05-29;Vrijdag;0;5479;5968;6016;6016;28875;29852;28875;29852
2014-05-30;Zaterdag;1;5366;6016;5334;5334;34578;29919;34578;29919
2014-05-31;Zondag;1;4313;5334;4461;4461;27278;26316;27278;26316
2014-06-01;Maandag;0;2954;4461;3558;3558;16486;27396;16486;27396
2014-06-02;Dinsdag;0;3572;3535;5399;3535;18854;22307;18854;22307
2014-06-03;Woensdag;0;6612;6521;6058;6058;31705;36727;31705;36727
2014-06-04;Donderdag;0;6414;5334;5727;5727;30895;33870;30895;33870
2014-06-05;Vrijdag;0;6685;5753;5879;5879;32545;35391;32545;35391
2014-06-06;Zaterdag;1;6728;5879;6142;6142;35448;35985;35448;35985
2014-06-07;Zondag;1;4543;6142;3962;3962;28932;26521;28932;26521
2014-06-08;Maandag;0;3625;3962;3523;3523;19752;29345;19752;29345
2014-06-09;Dinsdag;0;7244;3523;7072;7072;34965;39667;34965;39667
2014-06-10;Woensdag;0;7088;7072;6905;6905;34140;37273;34140;37273
2014-06-11;Donderdag;0;7211;6905;6833;6833;34934;38271;34934;38271
2014-06-12;Vrijdag;0;5221;6833;6941;6941;27511;29659;27511;29659
2014-06-13;Zaterdag;1;4399;6941;6166;6166;26714;26136;26714;26136
2014-06-14;Zondag;1;3355;6166;5110;5110;23408;21522;23408;21522
2014-06-15;Maandag;0;2805;5110;4080;4080;16464;26056;16464;26056
2014-06-16;Dinsdag;0;5211;4080;7335;7335;27184;29767;27184;29767
2014-06-17;Woensdag;0;4949;7335;7107;7107;25730;27641;25730;27641
2014-06-18;Donderdag;0;5135;7107;6884;6884;26587;29041;26587;29041
2014-06-19;Vrijdag;0;4898;6884;6921;6921;26729;28429;26729;28429
2014-06-20;Zaterdag;1;4567;6921;7093;7093;29308;27248;29308;27248
2014-06-21;Zondag;1;3592;7093;6214;6214;29101;24189;29101;24189
2014-06-22;Maandag;0;2860;6214;4462;4462;19326;29586;19326;29586
2014-06-23;Dinsdag;0;6599;4462;7818;7818;34199;39399;34199;39399
2014-06-24;Woensdag;0;4724;7818;7260;7260;25293;28404;25293;28404
2014-06-25;Donderdag;0;5219;7260;7534;7534;27812;29844;27812;29844
2014-06-26;Vrijdag;0;5157;7534;6774;6774;28364;30583;28364;30583
2014-06-27;Zaterdag;1;4789;6774;6982;6982;30038;29560;30038;29560
2014-06-28;Zondag;1;3435;6982;5922;5922;27717;24602;27717;24602
2014-06-29;Maandag;0;2727;5922;4392;4392;17486;30205;17486;30205
2014-06-30;Dinsdag;0;5099;4392;7735;7735;27298;31788;27298;31788
2014-07-01;Woensdag;0;5205;7735;8310;8310;27524;29720;27524;29720
2014-07-02;Donderdag;0;4951;8310;8297;8297;26220;28640;26220;28640
2014-07-03;Vrijdag;0;4841;8297;7850;7850;26542;28328;26542;28328
2014-07-04;Zaterdag;1;4852;7850;8339;8339;31065;28709;31065;28709
2014-07-05;Zondag;1;3723;8339;5844;5844;28795;25375;28795;25375
2014-07-06;Maandag;0;3085;5844;4842;4842;19274;31525;19274;31525
2014-07-07;Dinsdag;0;5717;4842;8862;8862;30505;34271;30505;34271
2014-07-08;Woensdag;0;5419;8862;8390;8390;28260;30880;28260;30880
2014-07-09;Donderdag;0;5366;8390;8376;8376;28326;31076;28326;31076
2014-07-10;Vrijdag;0;5640;8376;8373;8373;30267;32972;30267;32972
2014-07-11;Zaterdag;1;5421;8373;8035;8035;32932;32218;32932;32218
2014-07-12;Zondag;1;3982;8035;6542;6542;29332;27244;29332;27244
2014-07-13;Maandag;0;3127;6542;4620;4620;19327;30881;19327;30881
2014-07-14;Dinsdag;0;6103;4620;8907;8907;32656;35531;32656;35531
2014-07-15;Woensdag;0;5699;8907;9203;9203;30127;32442;30127;32442
2014-07-16;Donderdag;0;5677;9203;8379;8379;30412;32839;30412;32839
2014-07-17;Vrijdag;0;5661;8379;7783;7783;31006;33479;31006;33479
2014-07-18;Zaterdag;1;5679;7783;7860;7860;35355;33843;35355;33843
2014-07-19;Zondag;1;4304;7860;6626;6626;33179;29466;33179;29466
2014-07-20;Maandag;0;3554;6626;4734;4734;22540;35749;22540;35749
2014-07-21;Dinsdag;0;6415;4734;8713;8713;34993;38440;34993;38440
2014-07-22;Woensdag;0;7768;8713;7678;7678;39231;42598;39231;42598
2014-07-23;Donderdag;0;8140;7678;8484;8484;41040;44793;41040;44793
2014-07-24;Vrijdag;0;8204;8484;8597;8597;41989;45713;41989;45713
2014-07-25;Zaterdag;1;7455;8597;8585;8585;42570;42602;42570;42602
2014-07-26;Zondag;1;4815;8585;6115;6115;34732;32368;34732;32368
2014-07-27;Maandag;0;3794;6115;4885;4885;24082;35669;24082;35669
2014-07-28;Dinsdag;0;6462;4885;9067;9067;36053;39127;36053;39127
2014-07-29;Woensdag;0;6201;9067;8246;8246;33196;36380;33196;36380
2014-07-30;Donderdag;0;6527;8246;8610;8610;34554;38411;34554;38411
2014-07-31;Vrijdag;0;6257;8610;8421;8421;34402;38046;34402;38046
2014-08-01;Zaterdag;1;6653;8421;9189;9189;40967;39362;40967;39362
2014-08-02;Zondag;1;4995;9189;7012;7012;38019;34183;38019;34183
2014-08-03;Maandag;0;4420;7012;5663;5663;30243;37629;30243;37629
2014-08-04;Dinsdag;0;7353;6159;10491;10491;45071;44798;45071;44798
2014-08-05;Woensdag;0;7247;10491;9828;9828;41855;43488;41855;43488
2014-08-06;Donderdag;0;7709;9828;9913;9913;44369;46541;44369;46541
2014-08-07;Vrijdag;0;7538;9913;9910;9910;44913;47122;44913;47122
2014-08-08;Zaterdag;1;7575;9910;10105;10105;48586;48824;48586;48824
2014-08-09;Zondag;1;7034;10105;9570;9570;53780;50531;53780;50531
2014-08-10;Maandag;0;5632;9570;7030;7030;43203;47475;43203;47475
2014-08-11;Dinsdag;0;9266;7030;10930;10930;60153;60131;60153;60131
2014-08-12;Woensdag;0;9263;10930;9957;9957;55910;59123;55910;59123
2014-08-13;Donderdag;0;9345;9957;9532;9532;56925;60835;56925;60835
2014-08-14;Vrijdag;0;9412;9532;6329;6329;62551;62221;62551;62221
2014-08-15;Zaterdag;1;5415;6329;8719;8719;44326;42953;44326;42953
2014-08-16;Zondag;1;6340;8719;6875;6875;50243;57282;50243;57282
2014-08-17;Maandag;0;5197;6875;5499;5499;41277;56306;41277;56306
2014-08-18;Dinsdag;0;7368;5499;8749;8749;53426;55551;53426;55551
2014-08-19;Woensdag;0;6333;8749;7690;7690;42890;47378;42890;47378
2014-08-20;Donderdag;0;6266;7690;7690;7690;42028;48030;42028;48030
2014-08-21;Vrijdag;0;6073;7690;6764;6764;40714;47569;40714;47569
2014-08-22;Zaterdag;1;5698;6764;6252;6252;39855;46295;39855;46295
2014-08-23;Zondag;1;4627;6252;5134;5134;37533;45807;37533;45807
2014-08-24;Maandag;0;3353;5134;3405;3405;26693;40615;26693;40615
2014-08-25;Dinsdag;0;5698;3405;6276;6276;37301;42082;37301;42082
2014-08-26;Woensdag;0;5190;6276;6475;6475;31835;36703;31835;36703
2014-08-27;Donderdag;0;5000;6475;6116;6116;30297;35831;30297;35831
2014-08-28;Vrijdag;0;4924;6116;5418;5418;30140;35900;30140;35900
2014-08-29;Zaterdag;1;5031;5418;5275;5275;32192;36545;32192;36545
2014-08-30;Zondag;1;3469;5275;4494;4494;27470;32199;27470;32199
2014-08-31;Maandag;0;2858;4494;3529;3529;19641;33294;19641;33294
2014-09-01;Dinsdag;0;5387;3529;5882;5882;31802;34045;31802;34045
2014-09-02;Woensdag;0;5157;5968;6097;6097;28589;31184;28589;31184
2014-09-03;Donderdag;0;5053;6097;6258;6258;27971;30995;27971;30995
2014-09-04;Vrijdag;0;5480;6258;6411;6411;30442;33252;30442;33252
2014-09-05;Zaterdag;1;5699;6411;6052;6052;34458;34950;34458;34950
2014-09-06;Zondag;1;4374;6052;4457;4457;30829;30109;30829;30109
2014-09-07;Maandag;0;2896;4457;3136;3136;18763;31999;18763;31999
2014-09-08;Dinsdag;0;5286;3136;5974;5974;29104;33302;29104;33302
2014-09-09;Woensdag;0;5106;5974;5878;5878;27596;30517;27596;30517
2014-09-10;Donderdag;0;5330;5878;6156;6156;28237;32054;28237;32054
2014-09-11;Vrijdag;0;5326;6156;5551;5551;28662;31815;28662;31815
2014-09-12;Zaterdag;1;5290;5551;6122;6122;31712;32195;31712;32195
2014-09-13;Zondag;1;3886;6122;4240;4240;27705;26340;27705;26340
2014-09-14;Maandag;0;2828;4240;2993;2993;17063;30770;17063;30770
2014-09-15;Dinsdag;0;5207;2993;6668;6668;27581;30912;27581;30912
2014-09-16;Woensdag;0;4855;6668;6470;6470;25857;27939;25857;27939
2014-09-17;Donderdag;0;5125;6470;6350;6350;26777;29709;26777;29709
2014-09-18;Vrijdag;0;4999;6350;6124;6124;27169;29504;27169;29504
2014-09-19;Zaterdag;1;5030;6124;6243;6243;30181;30227;30181;30227
2014-09-20;Zondag;1;3858;5540;3770;3770;26490;25038;26490;25038
2014-09-21;Maandag;0;2982;3770;2824;2824;17318;29188;17318;29188
2014-09-22;Dinsdag;0;5098;2824;6073;6073;26771;30231;26771;30231
2014-09-23;Woensdag;0;4878;6073;5882;5882;25663;27934;25663;27934
2014-09-24;Donderdag;0;4987;5882;5976;5976;26326;28854;26326;28854
2014-09-25;Vrijdag;0;4823;5976;5695;5695;26564;28579;26564;28579
2014-09-26;Zaterdag;1;4747;5695;5459;5459;29172;28685;29172;28685
2014-09-27;Zondag;1;3636;5459;3458;3458;25667;23686;25667;23686
2014-09-28;Maandag;0;2588;3458;3227;3227;15200;27962;15200;27962
2014-09-29;Dinsdag;0;4560;3227;5513;5513;23530;27912;23530;27912
2014-09-30;Woensdag;0;4289;5513;5988;5988;22193;25319;22193;25319
2014-10-01;Donderdag;0;4561;5988;5537;5537;23870;26175;23870;26175
2014-10-02;Vrijdag;0;4489;5537;5500;5500;24192;25837;24192;25837
2014-10-03;Zaterdag;1;4597;5500;5321;5321;27848;26652;27848;26652
2014-10-04;Zondag;1;3369;5321;3452;3452;23754;21382;23754;21382
2014-10-05;Maandag;0;2438;3452;2617;2617;14084;25847;14084;25847
2014-10-06;Dinsdag;0;4317;2617;5920;5920;22356;25952;22356;25952
2014-10-07;Woensdag;0;4231;5920;5292;5292;21914;24025;21914;24025
2014-10-08;Donderdag;0;4799;5292;5311;5311;24573;26939;24573;26939
2014-10-09;Vrijdag;0;4343;5285;5457;5457;23726;25254;23726;25254
2014-10-10;Zaterdag;1;4544;5457;4609;4609;27192;26474;27192;26474
2014-10-11;Zondag;1;3449;4609;3710;3710;23589;21598;23589;21598
2014-10-12;Maandag;0;2339;3710;2329;2329;13353;24737;13353;24737
2014-10-13;Dinsdag;0;4395;2329;5812;5812;22444;25842;22444;25842
2014-10-14;Woensdag;0;4131;5812;5185;5185;21411;23509;21411;23509
2014-10-15;Donderdag;0;4220;5185;4620;4620;21986;24234;21986;24234
2014-10-16;Vrijdag;0;3990;4620;4550;4550;21792;23378;21792;23378
2014-10-17;Zaterdag;1;3863;4550;5075;5075;23865;23070;23865;23070
2014-10-18;Zondag;1;2793;5075;3338;3338;20802;18254;20802;18254
2014-10-19;Maandag;0;2115;3338;2529;2529;12542;23016;12542;23016
2014-10-20;Dinsdag;0;4009;2529;4707;4707;20914;24092;20914;24092
2014-10-21;Woensdag;0;3813;4707;4370;4370;20094;22047;20094;22047
2014-10-22;Donderdag;0;3751;4370;4627;4627;20210;22272;20210;22272
2014-10-23;Vrijdag;0;3733;4627;4456;4456;21153;22357;21153;22357
2014-10-24;Zaterdag;1;3686;4456;4006;4006;23427;22724;23427;22724
2014-10-25;Zondag;1;2524;4006;3003;3003;19531;17434;19531;17434
2014-10-26;Maandag;0;1960;3003;1897;1897;11681;22414;11681;22414
2014-10-27;Dinsdag;0;3531;1897;4767;4767;18870;21623;18870;21623
2014-10-28;Woensdag;0;3303;4767;4533;4533;17530;19388;17530;19388
2014-10-29;Donderdag;0;3378;4533;4588;4588;18247;20150;18247;20150
2014-10-30;Vrijdag;0;3565;4588;4569;4569;20348;21137;20348;21137
2014-10-31;Zaterdag;1;3604;4569;3921;3921;26065;21872;26065;21872
2014-11-01;Zondag;1;2344;3921;3014;3014;21945;16297;21945;16297
2014-11-02;Maandag;0;1803;3014;2246;2246;10491;26927;10491;26927
2014-11-03;Dinsdag;0;3505;2246;4326;4326;18184;22348;18184;22348
2014-11-04;Woensdag;0;3237;4326;4327;4327;17581;18808;17581;18808
2014-11-05;Donderdag;0;3349;4327;3791;3791;18291;19812;18291;19812
2014-11-06;Vrijdag;0;3457;3791;3600;3600;19586;20537;19586;20537
2014-11-07;Zaterdag;1;3492;3600;3313;3313;22350;21314;22350;21314
2014-11-08;Zondag;1;2306;3313;2351;2351;17991;15848;17991;15848
2014-11-09;Maandag;0;1796;2974;1921;1921;10898;20500;10898;20500
2014-11-10;Dinsdag;0;3558;1921;4232;4232;18779;21752;18779;21752
2014-11-11;Woensdag;0;3200;4232;3968;3968;17175;18997;17175;18997
2014-11-12;Donderdag;0;3301;3968;3973;3973;17969;19609;17969;19609
2014-11-13;Vrijdag;0;3315;3973;4014;4014;18686;20007;18686;20007
2014-11-14;Zaterdag;1;3255;3452;3622;3622;20985;20185;20985;20185
2014-11-15;Zondag;1;2320;3622;2638;2638;17433;15696;17433;15696
2014-11-16;Maandag;0;1490;2638;2231;2231;9612;18394;9612;18394
2014-11-17;Dinsdag;0;3403;2231;3970;3970;18188;20803;18188;20803
2014-11-18;Woensdag;0;3603;3970;3898;3898;19095;20731;19095;20731
2014-11-19;Donderdag;0;3286;3898;4223;4223;17832;19680;17832;19680
2014-11-20;Vrijdag;0;3380;4223;4282;4282;18967;20584;18967;20584
2014-11-21;Zaterdag;1;3014;4282;3865;3865;20155;19002;20155;19002
2014-11-22;Zondag;1;2115;3865;2923;2923;17009;14798;17009;14798
2014-11-23;Maandag;0;1652;2684;1553;1553;10526;19596;10526;19596
2014-11-24;Dinsdag;0;3458;1553;4047;4047;18554;21399;18554;21399
2014-11-25;Woensdag;0;3438;4047;4552;4552;18400;20217;18400;20217
2014-11-26;Donderdag;0;3556;4552;4978;4978;19167;21048;19167;21048
2014-11-27;Vrijdag;0;3718;4978;4883;4883;20656;21951;20656;21951
2014-11-28;Zaterdag;1;3617;5144;4837;4837;22856;21950;22856;21950
2014-11-29;Zondag;1;2309;4837;1977;1977;18421;15767;18421;15767
2014-11-30;Maandag;0;1795;1977;1391;1391;11108;21048;11108;21048
2014-12-01;Dinsdag;0;4380;1391;3946;3946;22278;25582;22278;25582
2014-12-02;Woensdag;0;3706;3946;4664;4664;19328;21224;19328;21224
2014-12-03;Donderdag;0;4083;4664;4640;4640;21106;23190;21106;23190
2014-12-04;Vrijdag;0;3877;4640;3961;3961;21610;22682;21610;22682
2014-12-05;Zaterdag;1;4175;3961;4608;4608;30513;24205;30513;24205
2014-12-06;Zondag;1;3138;4608;2348;2348;21667;19800;21667;19800
2014-12-07;Maandag;0;2046;2348;1902;1902;12066;22299;12066;22299
2014-12-08;Dinsdag;0;2007;1695;3084;1695;12070;14724;12070;14724
2014-12-09;Woensdag;0;3525;4641;5296;5296;19046;23663;19046;23663
2014-12-10;Donderdag;0;3368;5296;3917;3917;18300;20636;18300;20636
2014-12-11;Vrijdag;0;3604;3917;3465;3465;19892;21598;19892;21598
2014-12-12;Zaterdag;1;3677;3465;3915;3915;22770;22226;22770;22226
2014-12-13;Zondag;1;2534;3915;2719;2719;19016;16711;19016;16711
2014-12-14;Maandag;0;1799;2719;2166;2166;10976;20402;10976;20402
2014-12-15;Dinsdag;0;3575;2166;4378;4378;19520;21821;19520;21821
2014-12-16;Woensdag;0;3206;4378;3976;3976;16853;19082;16853;19082
2014-12-17;Donderdag;0;3109;3405;3611;3611;16528;18701;16528;18701
2014-12-18;Vrijdag;0;3196;3611;4129;4129;17288;20123;17288;20123
2014-12-19;Zaterdag;1;3179;3876;3894;3894;19111;19143;19111;19143
2014-12-20;Zondag;1;2283;3894;3463;3463;17572;14547;17572;14547
2014-12-21;Maandag;0;1967;3463;2676;2676;12240;17858;12240;17858
2014-12-22;Dinsdag;0;3608;2676;4967;4967;18749;21289;18749;21289
2014-12-23;Woensdag;0;3439;4967;3218;3440;18442;20623;18442;20623
2014-12-24;Donderdag;0;2812;3070;1884;3070;17978;16274;17978;16274
2014-12-25;Vrijdag;0;1563;1884;4073;1884;11171;9279;11171;9279
2014-12-26;Zaterdag;1;3245;4073;6437;4073;24214;20423;24214;20423
2014-12-27;Zondag;1;4008;6437;5176;6437;28921;25462;28921;25462
2014-12-28;Maandag;0;3596;5176;4096;5176;23745;28404;23745;28404
2014-12-29;Dinsdag;0;5434;4096;6838;4096;26775;33199;26775;33199
2014-12-30;Woensdag;0;5423;6838;4834;6838;26004;34630;26004;34630
2014-12-31;Donderdag;0;4270;4834;2454;4834;22527;25558;22527;25558
2015-01-01;Vrijdag;0;2250;2820;5860;2820;13353;13227;13353;13227
2015-01-02;Zaterdag;1;3923;5860;5382;5382;31547;22860;31547;22860
2015-01-03;Zondag;1;2853;5382;3534;3534;23483;18734;23483;18734
2015-01-04;Maandag;0;1995;3534;2748;2748;15509;27115;15509;27115
2015-01-05;Dinsdag;0;2948;2748;2662;6684;17058;19547;17058;19547
2015-01-06;Woensdag;0;1817;2662;4116;2662;10565;21264;10565;21264
2015-01-07;Donderdag;0;3263;5678;5786;5786;16933;19553;16933;19553
2015-01-08;Vrijdag;0;2872;5786;6180;6180;15267;16878;15267;16878
2015-01-09;Zaterdag;1;3214;6180;6302;6302;17894;18978;17894;18978
2015-01-10;Zondag;1;2475;6302;3812;3812;15267;15547;15267;15547
2015-01-11;Maandag;0;1607;3812;2526;2526;9500;15054;9500;15054
2015-01-12;Dinsdag;0;3427;2526;6684;6684;17832;19404;17832;19404
2015-01-13;Woensdag;0;3139;6684;6234;6234;16398;17839;16398;17839
2015-01-14;Donderdag;0;3319;6234;6382;6382;17263;19075;17263;19075
2015-01-15;Vrijdag;0;3366;6382;6306;6306;17698;19754;17698;19754
2015-01-16;Zaterdag;1;3483;6306;6084;6084;20318;20385;20318;20385
2015-01-17;Zondag;1;2193;6084;3748;3748;15517;13960;15517;13960
2015-01-18;Maandag;0;1671;3748;2784;2784;10341;16864;10341;16864
2015-01-19;Dinsdag;0;3821;2529;5468;5468;19739;22013;19739;22013
2015-01-20;Woensdag;0;4319;5468;4824;4824;21432;23881;21432;23881
2015-01-21;Donderdag;0;3390;4824;4438;4438;17741;19912;17741;19912
2015-01-22;Vrijdag;0;3515;4438;4684;4684;18928;20500;18928;20500
2015-01-23;Zaterdag;1;3150;4684;4560;4560;19620;19085;19620;19085
2015-01-24;Zondag;1;2180;4560;2914;2914;16313;14335;16313;14335
2015-01-25;Maandag;0;1715;2914;2224;2224;10445;18617;10445;18617
2015-01-26;Dinsdag;0;4024;2224;4994;4994;20565;23107;20565;23107
2015-01-27;Woensdag;0;3500;4994;4680;4680;18154;20056;18154;20056
2015-01-28;Donderdag;0;3441;4680;4728;4728;18282;20184;18282;20184
2015-01-29;Vrijdag;0;3427;4728;4570;4570;18502;20488;18502;20488
2015-01-30;Zaterdag;1;3336;4570;4954;4954;20582;20151;20582;20151
2015-01-31;Zondag;1;2109;4954;3200;3200;15930;14351;15930;14351
2015-02-01;Maandag;0;1674;3200;2620;2620;10197;18435;10197;18435
2015-02-02;Dinsdag;0;3596;2620;5346;5346;18488;20942;18488;20942
2015-02-03;Woensdag;0;3404;5346;4920;4920;17829;19262;17829;19262
2015-02-04;Donderdag;0;3602;4920;4982;4982;18709;20621;18709;20621
2015-02-05;Vrijdag;0;3578;4982;5068;5068;18918;20770;18918;20770
2015-02-06;Zaterdag;1;4074;5068;4974;4974;23326;23398;23326;23398
2015-02-07;Zondag;1;2519;4974;3112;3112;17865;15826;17865;15826
2015-02-08;Maandag;0;1864;3112;2406;2406;10942;19422;10942;19422
2015-02-09;Dinsdag;0;3960;2406;5692;5692;20240;22828;20240;22828
2015-02-10;Woensdag;0;3720;5692;5030;5030;19254;20788;19254;20788
2015-02-11;Donderdag;0;3793;5030;5472;5472;19510;21790;19510;21790
2015-02-12;Vrijdag;0;3814;5472;5318;5318;20669;22237;20669;22237
2015-02-13;Zaterdag;1;3901;5318;5268;5268;26599;22649;26599;22649
2015-02-14;Zondag;1;2799;5268;3584;3584;19458;17989;19458;17989
2015-02-15;Maandag;0;2049;2670;2672;2672;13479;29618;13479;29618
2015-02-16;Dinsdag;0;3621;2672;5820;5820;19507;23599;19507;23599
2015-02-17;Woensdag;0;3585;5820;5454;5454;18731;22609;18731;22609
2015-02-18;Donderdag;0;3473;5454;5426;5426;18759;21505;18759;21505
2015-02-19;Vrijdag;0;3500;5426;5432;5432;19792;20948;19792;20948
2015-02-20;Zaterdag;1;3512;5432;5448;5448;22062;21354;22062;21354
2015-02-21;Zondag;1;2425;4245;3628;3628;18360;16236;18360;16236
2015-02-22;Maandag;0;1912;3628;2704;2704;11479;21582;11479;21582
2015-02-23;Dinsdag;0;3997;2704;6170;6170;20918;23290;20918;23290
2015-02-24;Woensdag;0;4103;5043;5532;5532;21367;23121;21367;23121
2015-02-25;Donderdag;0;3790;5532;5366;5366;20246;22243;20246;22243
2015-02-26;Vrijdag;0;3666;5366;5528;5528;20498;21899;20498;21899
2015-02-27;Zaterdag;1;3434;5528;5902;5902;22069;21361;22069;21361
2015-02-28;Zondag;1;2543;5902;4052;4052;19705;17179;19705;17179
2015-03-01;Maandag;0;1899;4052;3114;3114;11495;22244;11495;22244
2015-03-02;Dinsdag;0;3987;3114;5876;5876;20493;23510;20493;23510
2015-03-03;Woensdag;0;3735;5876;5612;5612;19486;21188;19486;21188
2015-03-04;Donderdag;0;3870;4990;5834;5834;20203;22183;20203;22183
2015-03-05;Vrijdag;0;4063;5834;5688;5688;21938;23336;21938;23336
2015-03-06;Zaterdag;1;3851;5688;5640;5640;24329;22617;24329;22617
2015-03-07;Zondag;1;2563;5640;3528;3528;19752;17139;19752;17139
2015-03-08;Maandag;0;2044;3528;2610;2610;12108;23275;12108;23275
2015-03-09;Dinsdag;0;4143;2610;6260;6260;21412;24617;21412;24617
2015-03-10;Woensdag;0;4044;6260;5860;5860;20870;23031;20870;23031
2015-03-11;Donderdag;0;4070;5860;5786;5786;21044;23404;21044;23404
2015-03-12;Vrijdag;0;4471;5786;5796;5796;23618;25458;23618;25458
2015-03-13;Zaterdag;1;3965;5796;5912;5912;24309;23299;24309;23299
2015-03-14;Zondag;1;2752;5912;3902;3902;20568;17905;20568;17905
2015-03-15;Maandag;0;2203;3902;2940;2940;12789;23468;12789;23468
2015-03-16;Dinsdag;0;4622;2940;6926;6926;23259;26565;23259;26565
2015-03-17;Woensdag;0;4265;6926;6454;6454;21752;24000;21752;24000
2015-03-18;Donderdag;0;4137;6454;6168;6168;21974;23839;21974;23839
2015-03-19;Vrijdag;0;4208;6168;5884;5884;23113;24545;23113;24545
2015-03-20;Zaterdag;1;4382;5884;5884;5884;26560;25570;26560;25570
2015-03-21;Zondag;1;3273;5884;4112;4112;23364;20656;23364;20656
2015-03-22;Maandag;0;2451;4112;3254;3254;14491;25335;14491;25335
2015-03-23;Dinsdag;0;4720;3254;7248;7248;24091;27977;24091;27977
2015-03-24;Woensdag;0;4435;7248;7644;7644;22681;25240;22681;25240
2015-03-25;Donderdag;0;4759;7644;7298;7298;24107;27162;24107;27162
2015-03-26;Vrijdag;0;4348;7298;7552;7552;23230;25150;23230;25150
2015-03-27;Zaterdag;1;4521;7552;6458;6458;26936;26154;26936;26154
2015-03-28;Zondag;1;3331;6458;4342;4342;23319;20807;23319;20807
2015-03-29;Maandag;0;2535;4342;3028;3028;14217;25539;14217;25539
2015-03-30;Dinsdag;0;5503;3028;7044;7044;27007;30694;27007;30694
2015-03-31;Woensdag;0;5487;7044;6932;6932;26552;29930;26552;29930
2015-04-01;Donderdag;0;5871;6122;7370;7370;30018;31332;30018;31332
2015-04-02;Vrijdag;0;6228;7370;7698;7698;35516;33108;35516;33108
2015-04-03;Zaterdag;1;5963;7698;8528;9592;40426;32869;40426;32869
2015-04-04;Zondag;1;4609;6426;5388;5388;28336;28830;28336;28830
2015-04-05;Maandag;0;2946;5388;4171;3900;16037;24911;16037;24911
2015-04-06;Dinsdag;0;3130;4768;7021;5094;18005;19862;18005;19862
2015-04-07;Woensdag;0;5855;8591;8234;8234;28383;31549;28383;31549
2015-04-08;Donderdag;0;5595;8234;8220;8220;27417;31076;27417;31076
2015-04-09;Vrijdag;0;5668;8220;7844;7844;28510;30774;28510;30774
2015-04-10;Zaterdag;1;5618;7844;7832;7832;30960;31032;30960;31032
2015-04-11;Zondag;1;3721;7832;5756;5756;24441;22598;24441;22598
2015-04-12;Maandag;0;2875;5756;4692;4692;15874;26209;15874;26209
2015-04-13;Dinsdag;0;6191;4692;9704;9704;30499;33786;30499;33786
2015-04-14;Woensdag;0;5842;9704;8866;8866;29346;31432;29346;31432
2015-04-15;Donderdag;0;6024;8866;9156;9156;30152;33122;30152;33122
2015-04-16;Vrijdag;0;5860;9156;9174;9174;30392;32535;30392;32535
2015-04-17;Zaterdag;1;6085;9174;9592;9592;34102;34028;34102;34028
2015-04-18;Zondag;1;4380;9592;6808;6808;28585;26641;28585;26641
2015-04-19;Maandag;0;3060;6808;3900;3900;16873;29159;16873;29159
2015-04-20;Dinsdag;0;6132;3900;5094;5094;30239;34480;30239;34480
2015-04-21;Woensdag;0;5923;4456;9786;9786;29351;32196;29351;32196
2015-04-22;Donderdag;0;6110;9786;9532;9532;30582;33490;30582;33490
2015-04-23;Vrijdag;0;6238;9532;10260;10260;32203;34438;32203;34438
2015-04-24;Zaterdag;1;6101;10260;6732;6732;37371;34020;37371;34020
2015-04-25;Zondag;1;4088;6732;6320;6320;32568;25171;32568;25171
2015-04-26;Maandag;0;3474;6320;4802;4802;19085;37057;19085;37057
2015-04-27;Dinsdag;0;7270;4802;9884;9884;35137;41366;35137;41366
2015-04-28;Woensdag;0;6953;9884;9116;9116;33732;37730;33732;37730
2015-04-29;Donderdag;0;7149;9116;9848;9848;35612;38591;35612;38591
2015-04-30;Vrijdag;0;7915;9848;6268;6268;39032;42528;39032;42528
2015-05-01;Zaterdag;1;5909;6268;7510;6268;35242;34010;35242;34010
2015-05-02;Zondag;1;5253;7313;5874;5874;32450;30594;32450;30594
2015-05-03;Maandag;0;3650;5874;4236;4236;19587;52978;19587;52978
2015-05-04;Dinsdag;0;7412;4236;8434;8434;35533;43148;35533;43148
2015-05-05;Woensdag;0;6348;8434;8120;8120;31336;34787;31336;34787
2015-05-06;Donderdag;0;6425;8120;8406;8406;31845;35241;31845;35241
2015-05-07;Vrijdag;0;7397;8406;8442;8442;36830;39653;36830;39653
2015-05-08;Zaterdag;1;6947;8442;7624;7624;38174;38100;38174;38100
2015-05-09;Zondag;1;5043;7624;5600;5600;31408;29753;31408;29753
2015-05-10;Maandag;0;3511;5600;3922;3922;19002;31474;19002;31474
2015-05-11;Dinsdag;0;7210;3922;8674;8674;34994;39580;34994;39580
2015-05-12;Woensdag;0;7132;8674;8394;8394;34784;38068;34784;38068
2015-05-13;Donderdag;0;7442;7107;8710;8710;36413;39947;36413;39947
2015-05-14;Vrijdag;0;7232;8710;8490;8490;37118;39186;37118;39186
2015-05-15;Zaterdag;1;7336;8490;7998;7998;40579;40167;40579;40167
2015-05-16;Zondag;1;5175;7998;5542;5542;32714;30617;32714;30617
2015-05-17;Maandag;0;3919;4837;3940;3940;20912;34941;20912;34941
2015-05-18;Dinsdag;0;7262;3444;9146;9146;35613;40405;35613;40405
2015-05-19;Woensdag;0;7120;9146;8760;8760;34946;38190;34946;38190
2015-05-20;Donderdag;0;7068;8760;8868;8868;35262;38632;35262;38632
2015-05-21;Vrijdag;0;7480;8868;8446;8446;37443;40846;37443;40846
2015-05-22;Zaterdag;1;7302;8446;8952;8952;40477;40051;40477;40051
2015-05-23;Zondag;1;5627;7850;6128;6128;35039;32847;35039;32847
2015-05-24;Maandag;0;4003;6128;4508;4508;21664;34383;21664;34383
2015-05-25;Dinsdag;0;7560;4508;9780;9780;36582;42271;36582;42271
2015-05-26;Woensdag;0;7375;9780;9426;9426;35794;39383;35794;39383
2015-05-27;Donderdag;0;7851;9426;10258;10258;38285;41857;38285;41857
2015-05-28;Vrijdag;0;7667;10258;10958;10958;39108;41434;39108;41434
2015-05-29;Zaterdag;1;8015;10958;10732;10732;48564;43641;48564;43641
2015-05-30;Zondag;1;5989;10732;8626;8626;36910;35711;36910;35711
2015-05-31;Maandag;0;4164;8626;5908;5908;22661;38091;22661;38091
2015-06-01;Dinsdag;0;6327;5908;7144;7144;37034;36571;37034;36571
2015-06-02;Woensdag;0;4384;7144;10184;7144;23616;25900;23616;25900
2015-06-03;Donderdag;0;7472;13026;12828;12828;36959;42499;36959;42499
2015-06-04;Vrijdag;0;6875;12828;13370;13370;35072;37499;35072;37499
2015-06-05;Zaterdag;1;6774;13370;13456;13456;38152;37985;38152;37985
2015-06-06;Zondag;1;4941;13456;9086;9086;32979;30485;32979;30485
2015-06-07;Maandag;0;3912;9086;7250;7250;21958;35280;21958;35280
2015-06-08;Dinsdag;0;7349;7250;14488;14488;36967;41145;36967;41145
2015-06-09;Woensdag;0;7296;14488;14176;14176;36366;39310;36366;39310
2015-06-10;Donderdag;0;7249;14176;14422;14422;36340;39937;36340;39937
2015-06-11;Vrijdag;0;7112;14422;10442;10442;36866;39660;36866;39660
2015-06-12;Zaterdag;1;7221;10442;8798;8798;41859;40991;41859;40991
2015-06-13;Zondag;1;5332;8798;6710;6710;36566;33130;36566;33130
2015-06-14;Maandag;0;4410;6710;5610;5610;24756;39705;24756;39705
2015-06-15;Dinsdag;0;7449;5610;10422;10422;38179;42277;38179;42277
2015-06-16;Woensdag;0;7282;10422;9898;9898;36931;39840;36931;39840
2015-06-17;Donderdag;0;6984;9898;10270;10270;35854;39261;35854;39261
2015-06-18;Vrijdag;0;6864;10270;9796;9796;36685;39319;36685;39319
2015-06-19;Zaterdag;1;6819;9796;9134;9134;41082;39658;41082;39658
2015-06-20;Zondag;1;5469;9134;7184;7184;39693;34726;39693;34726
2015-06-21;Maandag;0;4234;6476;5720;5720;25390;41080;25390;41080
2015-06-22;Dinsdag;0;7174;4569;13198;13198;38125;42085;38125;42085
2015-06-23;Woensdag;0;7041;13198;9448;9448;36541;39736;36541;39736
2015-06-24;Donderdag;0;7221;9448;10438;10438;37508;41457;37508;41457
2015-06-25;Vrijdag;0;7056;10438;10314;10314;37913;40411;37913;40411
2015-06-26;Zaterdag;1;7123;10314;9578;9578;44397;41677;44397;41677
2015-06-27;Zondag;1;5480;9578;6870;6870;42554;36830;42554;36830
2015-06-28;Maandag;0;4125;6870;5454;5454;25797;42827;25797;42827
2015-06-29;Dinsdag;0;6977;5454;10198;10198;36570;45656;36570;45656
2015-06-30;Woensdag;0;7104;10198;10410;10410;36397;41091;36397;41091
2015-07-01;Donderdag;0;7273;10410;9902;9902;38713;41076;38713;41076
2015-07-02;Vrijdag;0;7350;9902;9682;9682;38611;41880;38611;41880
2015-07-03;Zaterdag;1;7873;8390;9704;9704;46981;44584;46981;44584
2015-07-04;Zondag;1;5833;9704;7446;7446;42489;37671;42489;37671
2015-07-05;Maandag;0;4469;6115;6170;6170;27436;44038;27436;44038
2015-07-06;Dinsdag;0;8218;5043;11434;11434;43494;47751;43494;47751
2015-07-07;Woensdag;0;7932;11434;10838;10838;40581;44122;40581;44122
2015-07-08;Donderdag;0;7919;10838;10732;10732;41157;44794;41157;44794
2015-07-09;Vrijdag;0;7923;10732;11280;11280;42425;45588;42425;45588
2015-07-10;Zaterdag;1;8068;11280;10842;10842;47597;47967;47597;47967
2015-07-11;Zondag;1;6607;10842;7964;7964;45656;42631;45656;42631
2015-07-12;Maandag;0;4965;7964;6254;6254;29654;46689;29654;46689
2015-07-13;Dinsdag;0;8964;6254;12206;12206;46696;51911;46696;51911
2015-07-14;Woensdag;0;8751;12206;11398;11398;44252;48386;44252;48386
2015-07-15;Donderdag;0;8543;11398;11354;11354;43693;48172;43693;48172
2015-07-16;Vrijdag;0;8643;11354;11322;11322;45043;48982;45043;48982
2015-07-17;Zaterdag;1;8970;11322;11358;11358;52341;50770;52341;50770
2015-07-18;Zondag;1;7557;11358;8608;8608;52519;47301;52519;47301
2015-07-19;Maandag;0;5649;8608;7108;7108;33284;52347;33284;52347
2015-07-20;Dinsdag;0;9621;7108;12830;12830;51058;55705;51058;55705
2015-07-21;Woensdag;0;9677;12830;15536;15536;49034;53324;49034;53324
2015-07-22;Donderdag;0;9510;15536;16280;16280;48612;53162;48612;53162
2015-07-23;Vrijdag;0;9702;16280;16408;16408;50345;54554;50345;54554
2015-07-24;Zaterdag;1;9293;16408;14910;14910;53753;53732;53753;53732
2015-07-25;Zondag;1;7764;14910;9630;9630;51802;49284;51802;49284
2015-07-26;Maandag;0;5812;9630;7588;7588;34753;50912;34753;50912
2015-07-27;Dinsdag;0;10116;7588;12924;12924;54236;58537;54236;58537
2015-07-28;Woensdag;0;9595;12924;12402;12402;49446;53868;49446;53868
2015-07-29;Donderdag;0;10248;12402;13054;13054;52008;57454;52008;57454
2015-07-30;Vrijdag;0;9569;13054;12514;12514;49935;55366;49935;55366
2015-07-31;Zaterdag;1;9474;12514;13306;13306;54538;56685;54538;56685
2015-08-01;Zondag;1;8146;13306;9990;9990;56680;52502;56680;52502
2015-08-02;Maandag;0;6736;9990;8840;8840;42635;52827;42635;52827
2015-08-03;Dinsdag;0;11700;8840;14706;14706;66312;67138;66312;67138
2015-08-04;Woensdag;0;11132;14706;14494;14494;60444;63077;60444;63077
2015-08-05;Donderdag;0;10657;14494;15418;15418;59103;62369;59103;62369
2015-08-06;Vrijdag;0;10544;15418;15076;15076;59734;63179;59734;63179
2015-08-07;Zaterdag;1;11203;15076;15150;15150;67581;68260;67581;68260
2015-08-08;Zondag;1;10006;15150;14068;14068;71806;68377;71806;68377
2015-08-09;Maandag;0;8038;14068;11264;11264;58616;64168;58616;64168
2015-08-10;Dinsdag;0;12414;11264;18532;18532;80710;78970;80710;78970
2015-08-11;Woensdag;0;11996;18532;18526;18526;71862;75023;71862;75023
2015-08-12;Donderdag;0;11243;18526;18690;18690;69376;74062;69376;74062
2015-08-13;Vrijdag;0;11097;18690;18824;18824;70144;75171;70144;75171
2015-08-14;Zaterdag;1;11098;18824;10830;10830;77014;76251;77014;76251
2015-08-15;Zondag;1;7456;10830;12680;12680;60307;61894;60307;61894
2015-08-16;Maandag;0;7671;12680;10394;10394;58744;77062;58744;77062
2015-08-17;Dinsdag;0;11132;10394;14736;14736;77775;80264;77775;80264
2015-08-18;Woensdag;0;9961;14736;12666;12666;64646;70326;64646;70326
2015-08-19;Donderdag;0;9549;12666;12532;12532;61004;69000;61004;69000
2015-08-20;Vrijdag;0;8904;12532;12146;12146;59193;68086;59193;68086
2015-08-21;Zaterdag;1;9170;12146;11396;11396;60242;70027;60242;70027
2015-08-22;Zondag;1;6963;11396;9254;9254;53830;64183;53830;64183
2015-08-23;Maandag;0;5596;9254;6706;6706;41113;61304;41113;61304
2015-08-24;Dinsdag;0;8652;6706;11396;11396;55577;61875;55577;61875
2015-08-25;Woensdag;0;7981;11396;10380;10380;47780;54075;47780;54075
2015-08-26;Donderdag;0;7956;10380;10000;10000;46895;54542;46895;54542
2015-08-27;Vrijdag;0;7634;10000;9848;9848;45566;53617;45566;53617
2015-08-28;Zaterdag;1;7657;9848;10062;10062;48118;54505;48118;54505
2015-08-29;Zondag;1;6046;10062;6938;6938;44062;50294;44062;50294
2015-08-30;Maandag;0;4257;6938;5716;5716;28439;49110;28439;49110
2015-08-31;Dinsdag;0;7429;5716;10774;10774;41280;50004;41280;50004
2015-09-01;Woensdag;0;7731;10774;10314;10314;42787;45736;42787;45736
2015-09-02;Donderdag;0;7655;10314;10106;10106;40658;45105;40658;45105
2015-09-03;Vrijdag;0;8202;10106;10960;10960;44080;48262;44080;48262
2015-09-04;Zaterdag;1;8295;10960;11398;11398;48828;49756;48828;49756
2015-09-05;Zondag;1;6832;11398;8748;8748;45860;45080;45860;45080
2015-09-06;Maandag;0;4634;8748;5792;5792;29019;45628;29019;45628
2015-09-07;Dinsdag;0;7761;5792;10572;10572;42427;47787;42427;47787
2015-09-08;Woensdag;0;7997;10572;10212;10212;41404;46991;41404;46991
2015-09-09;Donderdag;0;8506;10212;10660;10660;43621;48947;43621;48947
2015-09-10;Vrijdag;0;7742;10660;10652;10652;41291;45826;41291;45826
2015-09-11;Zaterdag;1;7422;10652;10580;10580;44861;44803;44861;44803
2015-09-12;Zondag;1;5431;10580;7772;7772;38531;37158;38531;37158
2015-09-13;Maandag;0;4264;7772;5656;5656;24887;44432;24887;44432
2015-09-14;Dinsdag;0;7379;5656;10414;10414;38703;43830;38703;43830
2015-09-15;Woensdag;0;7392;10414;9710;9710;38132;41801;38132;41801
2015-09-16;Donderdag;0;7508;9710;10250;10250;38555;42795;38555;42795
2015-09-17;Vrijdag;0;7267;10250;9998;9998;38284;41801;38284;41801
2015-09-18;Zaterdag;1;7373;9998;10060;10060;43726;43132;43726;43132
2015-09-19;Zondag;1;5598;10060;7716;7716;38288;35727;38288;35727
2015-09-20;Maandag;0;4271;7716;5964;5964;24464;42101;24464;42101
2015-09-21;Dinsdag;0;7079;5964;10196;10196;36877;41725;36877;41725
2015-09-22;Woensdag;0;6945;10196;9756;9756;35849;39385;35849;39385
2015-09-23;Donderdag;0;7750;9756;9974;9974;39711;43570;39711;43570
2015-09-24;Vrijdag;0;7131;9974;9646;9646;38010;41178;38010;41178
2015-09-25;Zaterdag;1;7039;9646;9494;9494;41760;41225;41760;41225
2015-09-26;Zondag;1;5189;7678;7272;7272;34876;33133;34876;33133
2015-09-27;Maandag;0;3860;7272;5176;5176;22217;38208;22217;38208
2015-09-28;Dinsdag;0;6753;4392;9120;9120;34439;40075;34439;40075
2015-09-29;Woensdag;0;6252;9120;8578;8578;31862;35673;31862;35673
2015-09-30;Donderdag;0;6476;8578;9122;9122;33173;37438;33173;37438
2015-10-01;Vrijdag;0;6894;9122;8978;8978;36243;38791;36243;38791
2015-10-02;Zaterdag;1;7064;8978;9194;9194;40457;39743;40457;39743
2015-10-03;Zondag;1;5291;9194;6738;6738;33935;32042;33935;32042
2015-10-04;Maandag;0;3794;6738;4876;4876;21308;35361;21308;35361
2015-10-05;Dinsdag;0;6509;4876;8634;8634;32912;38059;32912;38059
2015-10-06;Woensdag;0;6948;8634;8462;8462;34430;37961;34430;37961
2015-10-07;Donderdag;0;6651;8462;9598;9598;33677;37090;33677;37090
2015-10-08;Vrijdag;0;6489;9598;8686;8686;34047;36492;34047;36492
2015-10-09;Zaterdag;1;6452;8686;9088;9088;37876;36862;37876;36862
2015-10-10;Zondag;1;4849;9088;6898;6898;32431;30089;32431;30089
2015-10-11;Maandag;0;3496;6898;4678;4678;20078;34238;20078;34238
2015-10-12;Dinsdag;0;6080;4678;8790;8790;30944;36026;30944;36026
2015-10-13;Woensdag;0;6318;8790;8262;8262;31932;35168;31932;35168
2015-10-14;Donderdag;0;6309;8262;8440;8440;32378;35565;32378;35565
2015-10-15;Vrijdag;0;6052;8440;7980;7980;32170;34805;32170;34805
2015-10-16;Zaterdag;1;6010;7980;7726;7726;35917;34740;35917;34740
2015-10-17;Zondag;1;4399;7726;5586;5586;30403;27581;30403;27581
2015-10-18;Maandag;0;3079;4758;4230;4230;18250;32249;18250;32249
2015-10-19;Dinsdag;0;6129;4230;8018;8018;31069;36094;31069;36094
2015-10-20;Woensdag;0;5972;8018;7626;7626;30367;33400;30367;33400
2015-10-21;Donderdag;0;5743;7626;7502;7502;29646;32850;29646;32850
2015-10-22;Vrijdag;0;5631;7502;7466;7466;30153;32533;30153;32533
2015-10-23;Zaterdag;1;5505;7466;7372;7372;33165;32293;33165;32293
2015-10-24;Zondag;1;4108;7372;5048;5048;29012;25965;29012;25965
2015-10-25;Maandag;0;3041;5048;3920;3920;17703;31166;17703;31166
2015-10-26;Dinsdag;0;5526;3920;7062;7062;28107;32904;28107;32904
2015-10-27;Woensdag;0;5146;7062;6606;6606;26576;29333;26576;29333
2015-10-28;Donderdag;0;4925;6606;6756;6756;26105;28538;26105;28538
2015-10-29;Vrijdag;0;4934;6756;7130;7130;27380;28782;27380;28782
2015-10-30;Zaterdag;1;4820;7130;7208;7208;31121;29003;31121;29003
2015-10-31;Zondag;1;3305;7208;4688;4688;26884;22129;26884;22129
2015-11-01;Maandag;0;2359;4688;3606;3606;14460;28512;14460;28512
2015-11-02;Dinsdag;0;4801;3606;7010;7010;24511;31221;24511;31221
2015-11-03;Woensdag;0;4893;7010;6474;6474;14699;15927;25380;27703
2015-11-04;Donderdag;0;4666;5596;6698;6698;14229;13759;24939;26779
2015-11-05;Vrijdag;0;4756;6698;6914;6914;15769;13384;25926;27891
2015-11-06;Zaterdag;1;4833;6914;6984;6984;25339;14179;29880;28645
2015-11-07;Zondag;1;3395;6984;4612;4612;24344;14636;24682;22157
2015-11-08;Maandag;0;2359;4612;3592;3592;9675;35572;14429;26276
2015-11-09;Dinsdag;0;5072;3592;7116;7116;9851;15508;26657;30088
2015-11-10;Woensdag;0;4972;7116;6400;6400;8306;10129;25759;28743
2015-11-11;Donderdag;0;5103;6400;6602;6602;8304;8316;26783;29303
2015-11-12;Vrijdag;0;4876;6602;6630;6630;11166;8697;26651;29242
2015-11-13;Zaterdag;1;5100;6630;6510;6510;18760;8624;30713;29940
2015-11-14;Zondag;1;4327;6510;4640;4640;17582;10128;28519;26190
2015-11-15;Maandag;0;2635;4640;2980;2980;7112;26625;15525;27904
2015-11-16;Dinsdag;0;5604;2980;6806;6806;7168;11626;28789;32224
2015-11-17;Woensdag;0;5091;6806;7206;7206;6754;6984;27192;28542
2015-11-18;Donderdag;0;5071;7206;6572;6572;6435;6558;26826;30008
2015-11-19;Vrijdag;0;5006;6572;6760;6760;9448;6778;27833;29958
2015-11-20;Zaterdag;1;4932;5879;6028;6028;15819;7191;30918;30326
2015-11-21;Zondag;1;3332;6028;4230;4230;15187;8173;26698;22144
2015-11-22;Maandag;0;2340;4230;3304;3304;6316;22264;15148;28844
2015-11-23;Dinsdag;0;5141;3304;6916;6916;5818;10775;27715;31474
2015-11-24;Woensdag;0;5071;6258;6876;6876;4996;5848;27327;29574
2015-11-25;Donderdag;0;4644;6876;7112;7112;5764;5330;26283;28705
2015-11-26;Vrijdag;0;4770;7112;7436;7436;8500;5445;27618;30116
2015-11-27;Zaterdag;1;4446;7436;7234;7234;14571;5990;29790;28944
2015-11-28;Zondag;1;3073;6503;4618;4618;14178;7247;25675;21518
2015-11-29;Maandag;0;2214;3946;3590;3590;4800;20729;14471;28343
2015-11-30;Dinsdag;0;5019;3590;8760;8760;4357;10502;26223;31743
2015-12-01;Woensdag;0;4951;8760;7412;7412;4396;4969;26704;28501
2015-12-02;Donderdag;0;5276;7412;8166;8166;4210;3807;27501;30658
2015-12-03;Vrijdag;0;5441;8166;7754;7754;7788;3895;29294;31506
2015-12-04;Zaterdag;1;5759;7754;8350;8350;22601;4364;39213;33244
2015-12-05;Zondag;1;4894;6838;6276;6276;44625;5945;32538;29817
2015-12-06;Maandag;0;3213;6276;4092;4092;17398;15297;18549;32163
2015-12-07;Dinsdag;0;4676;4092;4014;4014;8667;21563;25213;29379
2015-12-08;Woensdag;0;2968;4014;5532;4014;4132;45866;17455;19706
2015-12-09;Donderdag;0;4813;6893;6736;6736;3782;10884;26119;33822
2015-12-10;Vrijdag;0;4678;6736;7208;7208;5393;4831;26308;29532
2015-12-11;Zaterdag;1;4429;7208;7354;7354;9851;4153;28735;28023
2015-12-12;Zondag;1;3118;7354;5068;5068;8911;5349;24600;21711
2015-12-13;Maandag;0;2176;5068;3598;3598;3503;14039;14250;26912
2015-12-14;Dinsdag;0;4524;3598;7150;7150;4492;6419;24989;27886
2015-12-15;Woensdag;0;4455;7150;6412;6412;2350;3776;23371;26720
2015-12-16;Donderdag;0;4276;5812;6218;6218;2363;3073;22525;26380
2015-12-17;Vrijdag;0;4342;6218;6392;6392;3441;4093;23115;26680
2015-12-18;Zaterdag;1;4349;6392;6358;6358;6965;2615;26167;25885
2015-12-19;Zondag;1;3079;6358;4566;4566;7714;2863;23320;19244
2015-12-20;Maandag;0;2587;4566;3934;3934;3978;9126;15428;25885
2015-12-21;Dinsdag;0;4955;3934;7216;7216;3676;4727;25026;28923
2015-12-22;Woensdag;0;4773;7216;6878;6878;3972;3542;23502;26721
2015-12-23;Donderdag;0;4452;6878;5624;6218;7499;3907;31139;31655
2015-12-24;Vrijdag;0;3453;5624;3126;5624;10701;3033;25144;19698
2015-12-25;Zaterdag;1;2137;3126;6490;3126;5815;1820;15641;12489
2015-12-26;Zondag;1;3894;6490;8016;6490;13661;6353;30645;25617
2015-12-27;Maandag;0;4424;8016;7192;8016;12748;12121;32534;35370
2015-12-28;Dinsdag;0;7195;7192;7216;7192;12993;7636;35347;43746
2015-12-29;Woensdag;0;6911;10868;6878;10868;14939;8016;32984;42664
2015-12-30;Donderdag;0;7033;10846;5624;10846;25418;11246;38427;46796
2015-12-31;Vrijdag;0;5209;8540;3126;8540;25947;6189;30272;32361
2016-01-01;Zaterdag;1;3380;4500;6490;4500;10838;16107;20526;19467
2016-01-02;Zondag;1;4560;7846;8016;5706;11509;28633;29236;27893
2016-01-03;Maandag;0;3107;5706;7192;3990;5908;27015;26510;27318
2016-01-04;Dinsdag;0;5071;3990;10868;10868;4928;12020;27711;37076
2016-01-05;Woensdag;0;4466;5896;10846;6878;3554;11832;23608;36895
2016-01-06;Donderdag;0;2936;3634;8540;3634;3005;10010;18238;29558
2016-01-07;Vrijdag;0;4746;6526;4500;5744;2837;4759;26269;30518
2016-01-08;Zaterdag;1;4736;5744;7846;7846;2684;3987;25876;26960
2016-01-09;Zondag;1;3168;6428;5706;5706;2324;4720;19359;20792
2016-01-10;Maandag;0;2491;4950;3990;3990;1558;5193;13878;22459
2016-01-11;Dinsdag;0;5266;3214;5896;5896;1889;2346;25282;28737
2016-01-12;Woensdag;0;4797;6854;3634;6278;1294;1486;25258;28492
2016-01-13;Donderdag;0;4809;6278;6526;6526;1200;1367;23341;24812
2016-01-14;Vrijdag;0;4762;6638;5744;5744;1559;1533;23569;25538
2016-01-15;Zaterdag;1;4820;6732;6428;6428;2649;1525;27769;25966
2016-01-16;Zondag;1;3125;6966;4950;4950;1941;1791;21007;18915
2016-01-17;Maandag;0;2387;4386;3214;3214;1021;3167;13702;22985
2016-01-18;Dinsdag;0;4960;3342;6854;6854;1097;1725;25701;28125
2016-01-19;Woensdag;0;4700;7642;6278;6278;821;1144;23047;26919
2016-01-20;Donderdag;0;4484;8638;6638;6638;1005;967;23140;25632
2016-01-21;Vrijdag;0;4590;6780;6732;6732;1477;869;25142;25972
2016-01-22;Zaterdag;1;4669;7030;6966;6966;2427;979;29128;26982
2016-01-23;Zondag;1;3200;6300;4386;4386;2263;1308;25862;19946
2016-01-24;Maandag;0;2458;4360;3342;3342;1106;3122;15586;28798
2016-01-25;Dinsdag;0;5217;3430;7642;7642;896;1729;27714;31661
2016-01-26;Woensdag;0;4695;8048;8638;8638;767;1142;25960;28624
2016-01-27;Donderdag;0;4669;7000;6780;6780;799;951;25573;28479
2016-01-28;Vrijdag;0;4850;6882;7030;7030;1241;870;26330;30102
2016-01-29;Zaterdag;1;4897;6854;6300;6300;2247;904;31602;30151
2016-01-30;Zondag;1;3366;6672;4360;4360;1914;1371;28230;23029
2016-01-31;Maandag;0;2617;4218;3430;3430;899;3047;15991;32960
2016-02-01;Dinsdag;0;5334;3348;8048;8048;950;1504;28692;31885
2016-02-02;Woensdag;0;5010;7192;7000;7000;819;874;27330;28020
2016-02-03;Donderdag;0;5067;6808;6882;6882;803;785;28556;29925
2016-02-04;Vrijdag;0;5127;7204;6854;6854;1100;732;28597;33330
2016-02-05;Zaterdag;1;5426;7156;6672;6672;2069;815;33190;33550
2016-02-06;Zondag;1;3872;8148;4218;4218;2724;1042;32219;23963
2016-02-07;Maandag;0;2938;5038;3348;3348;1103;2209;18575;29883
2016-02-08;Dinsdag;0;5828;3728;7192;7192;930;1526;32859;35047
2016-02-09;Woensdag;0;5374;7920;6808;6808;692;1650;27645;37536
2016-02-10;Donderdag;0;5516;7440;7204;7204;838;1267;30254;34186
2016-02-11;Vrijdag;0;5271;7586;7156;7156;1342;740;33612;33968
2016-02-12;Zaterdag;1;5584;7628;8148;8148;2354;787;39643;35213
2016-02-13;Zondag;1;4158;7802;5038;5038;2399;1271;36687;27421
2016-02-14;Maandag;0;2983;5598;3728;3728;907;3235;20183;41341
2016-02-15;Dinsdag;0;5580;4098;7920;7920;820;1954;30597;32127
2016-02-16;Woensdag;0;5598;7242;7440;7440;611;914;27776;36749
2016-02-17;Donderdag;0;5555;7170;7586;7586;482;678;27414;30632
2016-02-18;Vrijdag;0;5504;6946;7628;7628;766;728;27372;30859
2016-02-19;Zaterdag;1;5368;7000;7802;7802;1322;608;28878;30871
2016-02-20;Zondag;1;3726;7024;5598;5598;1332;852;24730;21944
2016-02-21;Maandag;0;2726;4850;4098;4098;568;1713;14868;24815
2016-02-22;Dinsdag;0;5927;3824;7242;7242;616;859;29950;31917
2016-02-23;Woensdag;0;5670;7994;7170;7170;463;604;29698;30295
2016-02-24;Donderdag;0;5337;7576;6946;6946;516;561;28541;29979
2016-02-25;Vrijdag;0;5690;7290;7000;7000;774;610;31352;34871
2016-02-26;Zaterdag;1;5799;7178;7024;7024;1316;622;35519;37242
2016-02-27;Zondag;1;3949;5859;4850;4850;1392;899;28752;25330
2016-02-28;Maandag;0;2973;4455;3824;3824;484;1816;17601;29461
2016-02-29;Dinsdag;0;6444;5896;7994;7994;405;1037;32575;37330
